GeneNames,FOV_01,FOV_02
ACTB,0.234567,-0.123456
GAPDH,0.345678,0.456789
SNAP25,0.123456,0.234567
MAPT,-0.234567,0.345678
TOMM20,0.456789,-0.123456
Apoe,N/A,N/A

