GeneNames,EXAMPLE_SAMPLE_WT_FOV_01,EXAMPLE_SAMPLE_WT_FOV_02,EXAMPLE_SAMPLE_5X_FOV_01,EXAMPLE_SAMPLE_5X_FOV_02,wt_mean,five_x_mean,mean_diff,permutation_p_value_direct,permutation_p_value_fit,fdr_corrected_fit,significant_fit,fdr_corrected_fit_0.1,significant_fit_0.1
ACTB,0.20678925,-0.2067892499999999,0.31790025,0.20678925,5.551115123125783e-17,0.26234475,-0.26234474999999996,0.672,0.247206661429884,0.41201110238314004,False,0.41201110238314004,False
GAPDH,0.31790025,0.4290112499999999,0.20678925,-0.02777775,0.37345575,0.08950575000000001,0.28395,0.341,0.14017200001488894,0.35043000003722236,False,0.35043000003722236,False
SNAP25,-0.02777775,0.20678925,0.4290112499999999,0.4290112499999999,0.08950575000000001,0.4290112499999999,-0.3395054999999999,0.338,0.1389702974791971,0.35043000003722236,False,0.35043000003722236,False
MAPT,-0.2067892499999999,0.31790025,-0.2067892499999999,0.31790025,0.05555550000000005,0.05555550000000005,0.0,1.0,0.9846498563751716,0.9846498563751716,False,0.9846498563751716,False
TOMM20,0.4290112499999999,-0.2067892499999999,-0.02777775,-0.2067892499999999,0.111111,-0.11728349999999994,0.22839449999999994,1.0,0.43978274191589306,0.5497284273948663,False,0.5497284273948663,False
Apoe,,,,,,,,,,,False,,False
