GeneNames,EXAMPLE_SAMPLE_WT_FOV_01,EXAMPLE_SAMPLE_WT_FOV_02,EXAMPLE_SAMPLE_5X_FOV_01,EXAMPLE_SAMPLE_5X_FOV_02,wt_mean,five_x_mean,mean_diff,permutation_p_value_direct,permutation_p_value_fit,fdr_corrected_fit,significant_fit,fdr_corrected_fit_0.1,significant_fit_0.1
ACTB,4.75,4.75,6.25,6.25,4.75,6.25,-1.5,0.32,0.07946474774458623,0.12373773449074903,False,0.12373773449074903,False
GAPDH,4.75,4.75,5.25,4.75,4.75,5.0,-0.25,1.0,0.34634800541721833,0.34634800541721833,False,0.34634800541721833,False
SNAP25,4.75,4.75,6.75,6.75,4.75,6.75,-2.0,0.345,0.09280330086806177,0.12373773449074903,False,0.12373773449074903,False
MAPT,4.75,4.75,4.75,4.75,4.75,4.75,0.0,1.0,,,False,,False
TOMM20,4.75,4.75,5.75,5.75,4.75,5.75,-1.0,0.331,0.08555253649519412,0.12373773449074903,False,0.12373773449074903,False
Apoe,0.0,0.0,0.0,0.0,0.0,0.0,0.0,1.0,,,False,,False
