gene,gamma,filtered
SNAP25,1.008283656431675,False
GFAP,1.054520948314468,False
CX3CR1,0.8279642572366225,False
PLP1,0.971405656498363,False
RIMS1,1.0603440279715162,False
UNC13A,0.9412146893296692,False
STXBP5,0.933405825618528,False
APOE,1.0505998811027275,False
ITGAM,1.0250037424589815,False
SLC1A3,0.9727081738235334,False
