GeneNames,EXAMPLE_SAMPLE_WT_FOV_01,EXAMPLE_SAMPLE_WT_FOV_02,EXAMPLE_SAMPLE_5X_FOV_01,EXAMPLE_SAMPLE_5X_FOV_02
ACTB,0.234567,-0.123456,0.345678,0.123456
GAPDH,0.345678,0.456789,0.234567,-0.234567
SNAP25,0.123456,0.234567,0.456789,0.345678
MAPT,-0.234567,0.345678,-0.123456,0.234567
TOMM20,0.456789,-0.123456,0.123456,-0.345678
Apoe,N/A,N/A,N/A,N/A
