GeneNames,EXAMPLE_SAMPLE_WT_FOV_01,EXAMPLE_SAMPLE_WT_FOV_02,EXAMPLE_SAMPLE_5X_FOV_01,EXAMPLE_SAMPLE_5X_FOV_02
ACTB,0.20678925,-0.20678924999999998,0.31790025,0.20678925
GAPDH,0.31790025,0.42901124999999996,0.20678925,-0.02777775
SNAP25,-0.02777775,0.20678925,0.42901124999999996,0.42901124999999996
MAPT,-0.20678924999999998,0.31790025,-0.20678924999999998,0.31790025
TOMM20,0.42901124999999996,-0.20678924999999998,-0.02777775,-0.20678924999999998
Apoe,,,,
