region_id,region_name,region_area,region_proportion
1,unassigned,,
2,DG,587272.0582726329,0.1770876558650529
3,DG-CA1,1670577.5816857447,0.5037506275227869
4,CA1,380005.2278876167,0.1145878372300199
5,SO,678424.0416233088,0.2045738793821402
