region_id,region_name,region_area,region_proportion
1,unassigned,,
2,DG-CA1,1463806.8770339098,0.4668687193287347
3,SO,861188.3464933465,0.2746686784549553
4,DG,486973.43365040806,0.1553160235017913
5,CA1,323402.8432702039,0.1031465787145184
